Station_Name,Transport_Type,Street_Address,Suburb,Postcode,LGA,Latitude,Longitude,Operator,Lines_Services,Accessibility_Features,Parking_Available,Interchange,Last_Updated
Hurstville Station,Train Station,Forest Road,Hurstville,2220,Georges River,-33.9667,151.1028,Sydney Trains,T4 Eastern Suburbs & Illawarra Line,Lift Access|Tactile Ground Surface Indicators|Hearing Loop|Wide Gates,Yes,Bus Interchange,2023-12-01
Kogarah Station,Train Station,Railway Parade,Kogarah,2217,Georges River,-33.9645,151.1334,Sydney Trains,T4 Eastern Suburbs & Illawarra Line,Lift Access|Tactile Ground Surface Indicators|Hearing Loop|Wide Gates,Yes,Bus Interchange,2023-12-01
Allawah Station,Train Station,Railway Parade,Allawah,2218,Georges River,-33.9634,151.1134,Sydney Trains,T4 Eastern Suburbs & Illawarra Line,Ramp Access|Tactile Ground Surface Indicators|Wide Gates,Limited,No,2023-12-01
Carlton Station,Train Station,Railway Parade,Carlton,2218,Georges River,-33.9723,151.1089,Sydney Trains,T4 Eastern Suburbs & Illawarra Line,Ramp Access|Tactile Ground Surface Indicators|Wide Gates,Limited,No,2023-12-01
Oatley Station,Train Station,Frederick Street,Oatley,2223,Georges River,-33.9789,151.0756,Sydney Trains,T4 Eastern Suburbs & Illawarra Line,Ramp Access|Tactile Ground Surface Indicators|Wide Gates,Yes,No,2023-12-01
Mortdale Station,Train Station,Pitt Street,Mortdale,2223,Georges River,-33.9701,151.0723,Sydney Trains,T4 Eastern Suburbs & Illawarra Line,Ramp Access|Tactile Ground Surface Indicators|Wide Gates,Limited,No,2023-12-01
Penshurst Station,Train Station,Penshurst Street,Penshurst,2222,Georges River,-33.9642,151.0892,Sydney Trains,T4 Eastern Suburbs & Illawarra Line,Ramp Access|Tactile Ground Surface Indicators|Wide Gates,Yes,No,2023-12-01
Lugarno Station,Train Station,Lime Kiln Road,Lugarno,2210,Georges River,-33.9845,151.0456,Sydney Trains,T4 Eastern Suburbs & Illawarra Line,Ramp Access|Tactile Ground Surface Indicators|Wide Gates,Limited,No,2023-12-01
Central Station,Train Station,Eddy Avenue,Sydney,2000,City of Sydney,-33.8839,151.2067,Sydney Trains,All Lines|Sydney Metro|Light Rail,Full Accessibility|Lifts|Tactile|Audio Announcements|Wide Gates,Limited,Major Interchange,2023-12-01
Town Hall Station,Train Station,George Street,Sydney,2000,City of Sydney,-33.8734,151.2067,Sydney Trains,T2|T3|T8 Lines,Full Accessibility|Lifts|Tactile|Audio Announcements|Wide Gates,No,Light Rail Interchange,2023-12-01
Wynyard Station,Train Station,York Street,Sydney,2000,City of Sydney,-33.8656,151.2056,Sydney Trains,T1|T2|T3|T9 Lines,Full Accessibility|Lifts|Tactile|Audio Announcements|Wide Gates,No,Bus Interchange,2023-12-01
Circular Quay Station,Train Station,Circular Quay,Sydney,2000,City of Sydney,-33.8611,151.2111,Sydney Trains,T2|T3|T8 Lines,Full Accessibility|Lifts|Tactile|Audio Announcements|Wide Gates,No,Ferry Interchange,2023-12-01
Redfern Station,Train Station,Little Eveleigh Street,Redfern,2016,City of Sydney,-33.8934,151.2056,Sydney Trains,T2|T3|T8|T9 Lines,Full Accessibility|Lifts|Tactile|Audio Announcements|Wide Gates,Limited,Bus Interchange,2023-12-01
Strathfield Station,Train Station,The Boulevarde,Strathfield,2135,Strathfield,-33.8723,151.0945,Sydney Trains,T1|T2|T3|T9 Lines,Full Accessibility|Lifts|Tactile|Audio Announcements|Wide Gates,Yes,Major Interchange,2023-12-01
Parramatta Station,Train Station,Church Street,Parramatta,2150,Parramatta,-33.8167,151.0056,Sydney Trains,T1|T2 Lines,Full Accessibility|Lifts|Tactile|Audio Announcements|Wide Gates,Yes,Bus Interchange,2023-12-01
Hurstville Bus Interchange,Bus Interchange,Forest Road,Hurstville,2220,Georges River,-33.9658,151.1038,Transdev NSW,Multiple Routes,Wheelchair Accessible|Shelter|Real-time Information|Seating,No,Train Station Adjacent,2023-12-01
Kogarah Bus Stop,Bus Stop,Railway Parade,Kogarah,2217,Georges River,-33.9635,151.1324,Transdev NSW,Route 478|Route 479|Route 480,Shelter|Real-time Information|Seating,No,Train Station Adjacent,2023-12-01
Beverly Hills Bus Stop,Bus Stop,King Georges Road,Beverly Hills,2209,Canterbury-Bankstown,-33.9489,151.0756,Transdev NSW,Route 941|Route 942|Route M91,Shelter|Real-time Information,No,No,2023-12-01